 {"img_path": "t1.bmp", "gt_score": 63.963406174124174, "logit_good": 25.546875, "logit_poor": 25.15625}{"img_path": "t2.bmp", "gt_score": 25.335306406685238, "logit_good": 16.25, "logit_poor": 24.0}{"img_path": "t3.bmp", "gt_score": 48.93656326246079, "logit_good": 19.515625, "logit_poor": 21.21875}{"img_path": "t4.bmp", "gt_score": 35.88633193863319, "logit_good": 20.046875, "logit_poor": 22.859375}{"img_path": "t5.bmp", "gt_score": 66.50923666782852, "logit_good": 18.015625, "logit_poor": 18.9375}{"img_path": "t6.bmp", "gt_score": 54.579700034879664, "logit_good": 22.796875, "logit_poor": 23.078125}{"img_path": "t7.bmp", "gt_score": 77.88214783821478, "logit_good": 17.03125, "logit_poor": 17.59375}{"img_path": "100.bmp", "gt_score": 32.56107532210109, "logit_good": 21.859375, "logit_poor": 22.875}{"img_path": "101.bmp", "gt_score": 66.35954917017587, "logit_good": 20.078125, "logit_poor": 20.453125}{"img_path": "102.bmp", "gt_score": 44.69498452012384, "logit_good": 26.96875, "logit_poor": 24.3125}{"img_path": "103.bmp", "gt_score": 39.2345587325164, "logit_good": 22.453125, "logit_poor": 22.375}{"img_path": "104.bmp", "gt_score": 9.22907379891035, "logit_good": 26.3125, "logit_poor": 24.109375}{"img_path": "105.bmp", "gt_score": 41.33135141830794, "logit_good": 25.484375, "logit_poor": 19.25}{"img_path": "106.bmp", "gt_score": 68.92207631318136, "logit_good": 21.453125, "logit_poor": 18.609375}{"img_path": "107.bmp", "gt_score": 27.957533737773925, "logit_good": 14.84375, "logit_poor": 18.125}{"img_path": "108.bmp", "gt_score": 75.35151515151514, "logit_good": 20.9375, "logit_poor": 17.078125}{"img_path": "109.bmp", "gt_score": 50.63793103448276, "logit_good": 20.9375, "logit_poor": 14.84375}{"img_path": "10.bmp", "gt_score": 82.91071428571429, "logit_good": 19.96875, "logit_poor": 19.40625}{"img_path": "110.bmp", "gt_score": 32.13690476190476, "logit_good": 19.859375, "logit_poor": 20.984375}{"img_path": "111.bmp", "gt_score": 51.84153005464481, "logit_good": 21.953125, "logit_poor": 19.8125}{"img_path": "112.bmp", "gt_score": 30.31875, "logit_good": 21.109375, "logit_poor": 20.84375}{"img_path": "113.bmp", "gt_score": 68.21714285714286, "logit_good": 30.640625, "logit_poor": 25.1875}{"img_path": "114.bmp", "gt_score": 24.871134020618555, "logit_good": 29.078125, "logit_poor": 25.484375}{"img_path": "115.bmp", "gt_score": 31.293785310734464, "logit_good": 14.9609375, "logit_poor": 19.671875}{"img_path": "116.bmp", "gt_score": 26.097701149425287, "logit_good": 23.890625, "logit_poor": 23.53125}{"img_path": "117.bmp", "gt_score": 70.4327485380117, "logit_good": 20.359375, "logit_poor": 14.4140625}{"img_path": "118.bmp", "gt_score": 26.530864197530864, "logit_good": 19.75, "logit_poor": 17.78125}{"img_path": "119.bmp", "gt_score": 51.31707317073171, "logit_good": 18.515625, "logit_poor": 19.453125}{"img_path": "11.bmp", "gt_score": 60.9472891566265, "logit_good": 17.53125, "logit_poor": 20.203125}{"img_path": "120.bmp", "gt_score": 18.78488372093023, "logit_good": 24.984375, "logit_poor": 20.546875}{"img_path": "121.bmp", "gt_score": 19.75, "logit_good": 28.65625, "logit_poor": 25.984375}{"img_path": "122.bmp", "gt_score": 79.36708860759494, "logit_good": 17.9375, "logit_poor": 18.953125}{"img_path": "123.bmp", "gt_score": 67.29775280898876, "logit_good": 23.203125, "logit_poor": 17.6875}{"img_path": "124.bmp", "gt_score": 70.99459459459459, "logit_good": 26.8125, "logit_poor": 18.96875}{"img_path": "125.bmp", "gt_score": 81.90502793296089, "logit_good": 22.171875, "logit_poor": 15.3828125}{"img_path": "126.bmp", "gt_score": 52.843023255813954, "logit_good": 24.78125, "logit_poor": 21.875}{"img_path": "127.bmp", "gt_score": 41.42690058479532, "logit_good": 23.28125, "logit_poor": 22.40625}{"img_path": "128.bmp", "gt_score": 48.81366459627329, "logit_good": 23.28125, "logit_poor": 21.21875}{"img_path": "129.bmp", "gt_score": 72.88268156424581, "logit_good": 22.859375, "logit_poor": 17.328125}{"img_path": "12.bmp", "gt_score": 15.895238095238096, "logit_good": 21.59375, "logit_poor": 21.375}{"img_path": "130.bmp", "gt_score": 86.6086956521739, "logit_good": 18.140625, "logit_poor": 13.7265625}{"img_path": "131.bmp", "gt_score": 48.52903225806452, "logit_good": 17.0625, "logit_poor": 19.359375}{"img_path": "132.bmp", "gt_score": 73.02590673575129, "logit_good": 24.078125, "logit_poor": 19.96875}{"img_path": "133.bmp", "gt_score": 27.005714285714287, "logit_good": 24.046875, "logit_poor": 25.078125}{"img_path": "134.bmp", "gt_score": 32.30898876404494, "logit_good": 20.4375, "logit_poor": 20.71875}{"img_path": "135.bmp", "gt_score": 65.94300518134715, "logit_good": 25.921875, "logit_poor": 20.265625}{"img_path": "136.bmp", "gt_score": 67.16315789473684, "logit_good": 25.375, "logit_poor": 23.40625}{"img_path": "137.bmp", "gt_score": 59.8421052631579, "logit_good": 24.796875, "logit_poor": 21.96875}{"img_path": "138.bmp", "gt_score": 67.58695652173913, "logit_good": 25.921875, "logit_poor": 21.796875}{"img_path": "139.bmp", "gt_score": 61.92857142857143, "logit_good": 27.984375, "logit_poor": 26.0}{"img_path": "13.bmp", "gt_score": 77.40229885057471, "logit_good": 21.53125, "logit_poor": 23.421875}{"img_path": "140.bmp", "gt_score": 77.45833333333333, "logit_good": 28.796875, "logit_poor": 22.015625}{"img_path": "141.bmp", "gt_score": 20.581818181818182, "logit_good": 21.578125, "logit_poor": 21.484375}{"img_path": "142.bmp", "gt_score": 26.405714285714286, "logit_good": 22.109375, "logit_poor": 17.84375}{"img_path": "143.bmp", "gt_score": 61.149484536082475, "logit_good": 26.65625, "logit_poor": 21.28125}{"img_path": "144.bmp", "gt_score": 76.92391304347827, "logit_good": 25.140625, "logit_poor": 21.53125}{"img_path": "145.bmp", "gt_score": 55.59239130434783, "logit_good": 24.71875, "logit_poor": 23.0625}{"img_path": "146.bmp", "gt_score": 34.2111801242236, "logit_good": 21.578125, "logit_poor": 21.078125}{"img_path": "147.bmp", "gt_score": 71.32335329341318, "logit_good": 30.0, "logit_poor": 23.21875}{"img_path": "148.bmp", "gt_score": 41.97076023391813, "logit_good": 21.640625, "logit_poor": 21.296875}{"img_path": "149.bmp", "gt_score": 72.45744680851064, "logit_good": 19.375, "logit_poor": 13.90625}{"img_path": "14.bmp", "gt_score": 66.39411764705882, "logit_good": 20.9375, "logit_poor": 17.0625}{"img_path": "150.bmp", "gt_score": 65.79617834394904, "logit_good": 22.625, "logit_poor": 22.96875}{"img_path": "151.bmp", "gt_score": 55.77922077922078, "logit_good": 23.234375, "logit_poor": 20.96875}{"img_path": "152.bmp", "gt_score": 79.43786982248521, "logit_good": 18.421875, "logit_poor": 20.03125}{"img_path": "153.bmp", "gt_score": 73.0880829015544, "logit_good": 27.171875, "logit_poor": 26.5625}{"img_path": "154.bmp", "gt_score": 11.977142857142857, "logit_good": 18.84375, "logit_poor": 21.359375}{"img_path": "155.bmp", "gt_score": 73.63905325443787, "logit_good": 17.40625, "logit_poor": 22.03125}